AA,RBP_freq,nonRBP_freq,diff
A,0.070769,0.072533,-0.001764
C,0.016199,0.021028,-0.004829
D,0.055002,0.050829,0.004173
E,0.074396,0.065256,0.009140
F,0.035176,0.039269,-0.004093
G,0.061279,0.060629,0.000650
H,0.024020,0.025345,-0.001325
I,0.049662,0.049600,0.000062
K,0.069232,0.056341,0.012891
L,0.090298,0.095165,-0.004867
M,0.022599,0.023597,-0.000997
N,0.047153,0.044643,0.002509
P,0.053035,0.053029,0.000006
Q,0.046700,0.042100,0.004600
R,0.055519,0.055888,-0.000370
S,0.078607,0.084730,-0.006122
T,0.052152,0.055687,-0.003535
V,0.060520,0.063145,-0.002625
W,0.009381,0.011587,-0.002206
Y,0.028303,0.029601,-0.001298
