{
  "P22626_RRM_1_23": {
    "gene": "HNRNPA2B1",
    "accession": "P22626",
    "domain": "RRM_1",
    "start": 23,
    "end": 88,
    "domain_length": 66,
    "de_count": 9,
    "de_pct": 13.636363636363637,
    "species_aligned": 2,
    "avg_de_conservation": 1.0,
    "avg_non_de_conservation": 1.0,
    "avg_de_to_de_conservation": 1.0,
    "conservation_diff": 0.0
  },
  "P22626_RRM_1_114": {
    "gene": "HNRNPA2B1",
    "accession": "P22626",
    "domain": "RRM_1",
    "start": 114,
    "end": 172,
    "domain_length": 59,
    "de_count": 14,
    "de_pct": 23.728813559322035,
    "species_aligned": 2,
    "avg_de_conservation": 0.6428571428571429,
    "avg_non_de_conservation": 0.7222222222222222,
    "avg_de_to_de_conservation": 0.6785714285714286,
    "conservation_diff": -0.0793650793650793
  },
  "P62310_LSM_21": {
    "gene": "LSM3",
    "accession": "P62310",
    "domain": "LSM",
    "start": 21,
    "end": 96,
    "domain_length": 76,
    "de_count": 15,
    "de_pct": 19.736842105263158,
    "species_aligned": 3,
    "avg_de_conservation": 0.9111111111111111,
    "avg_non_de_conservation": 0.8032786885245902,
    "avg_de_to_de_conservation": 0.9111111111111111,
    "conservation_diff": 0.10783242258652093
  },
  "P11940_RRM_1_13": {
    "gene": "PABPC1",
    "accession": "P11940",
    "domain": "RRM_1",
    "start": 13,
    "end": 82,
    "domain_length": 70,
    "de_count": 9,
    "de_pct": 12.857142857142858,
    "species_aligned": 3,
    "avg_de_conservation": 0.7777777777777778,
    "avg_non_de_conservation": 0.8633879781420765,
    "avg_de_to_de_conservation": 0.8518518518518517,
    "conservation_diff": -0.08561020036429867
  },
  "P11940_RRM_1_101": {
    "gene": "PABPC1",
    "accession": "P11940",
    "domain": "RRM_1",
    "start": 101,
    "end": 167,
    "domain_length": 67,
    "de_count": 10,
    "de_pct": 14.925373134328359,
    "species_aligned": 3,
    "avg_de_conservation": 0.5666666666666667,
    "avg_non_de_conservation": 0.6783625730994152,
    "avg_de_to_de_conservation": 0.6333333333333333,
    "conservation_diff": -0.11169590643274852
  },
  "P11940_RRM_1_193": {
    "gene": "PABPC1",
    "accession": "P11940",
    "domain": "RRM_1",
    "start": 193,
    "end": 261,
    "domain_length": 69,
    "de_count": 14,
    "de_pct": 20.28985507246377,
    "species_aligned": 3,
    "avg_de_conservation": 0.5714285714285714,
    "avg_non_de_conservation": 0.6606060606060605,
    "avg_de_to_de_conservation": 0.5952380952380952,
    "conservation_diff": -0.08917748917748913
  },
  "P11940_RRM_1_296": {
    "gene": "PABPC1",
    "accession": "P11940",
    "domain": "RRM_1",
    "start": 296,
    "end": 363,
    "domain_length": 68,
    "de_count": 10,
    "de_pct": 14.705882352941176,
    "species_aligned": 3,
    "avg_de_conservation": 0.5,
    "avg_non_de_conservation": 0.6724137931034483,
    "avg_de_to_de_conservation": 0.5666666666666667,
    "conservation_diff": -0.1724137931034483
  },
  "P35922_KH_1_221": {
    "gene": "FMR1",
    "accession": "P35922",
    "domain": "KH_1",
    "start": 221,
    "end": 278,
    "domain_length": 58,
    "de_count": 10,
    "de_pct": 17.24137931034483,
    "species_aligned": 3,
    "avg_de_conservation": 0.8,
    "avg_non_de_conservation": 0.8819444444444445,
    "avg_de_to_de_conservation": 0.9333333333333333,
    "conservation_diff": -0.08194444444444449
  },
  "P35922_KH_1_285": {
    "gene": "FMR1",
    "accession": "P35922",
    "domain": "KH_1",
    "start": 285,
    "end": 331,
    "domain_length": 47,
    "de_count": 8,
    "de_pct": 17.02127659574468,
    "species_aligned": 3,
    "avg_de_conservation": 0.5833333333333333,
    "avg_non_de_conservation": 0.6581196581196581,
    "avg_de_to_de_conservation": 0.5833333333333333,
    "conservation_diff": -0.07478632478632485
  }
}