AA,RBD_freq,nonRBD_freq,diff,diff_pct
A,0.069325,0.060622,0.008703,0.8703
C,0.020398,0.030073,-0.009675,-0.9675
D,0.058589,0.048753,0.009836,0.9836
E,0.060334,0.062412,-0.002078,-0.2078
F,0.040445,0.041004,-0.000559,-0.0559
G,0.072143,0.065164,0.006979,0.6979
H,0.026116,0.037984,-0.011868,-1.1868
I,0.064391,0.055487,0.008904,0.8904
K,0.063788,0.067207,-0.003419,-0.3419
L,0.092443,0.090539,0.001904,0.1904
M,0.021806,0.018081,0.003725,0.3725
N,0.039585,0.039423,0.000161,0.0161
P,0.035838,0.039298,-0.003460,-0.3460
Q,0.039085,0.039575,-0.000491,-0.0491
R,0.056472,0.059513,-0.003041,-0.3041
S,0.064040,0.070985,-0.006945,-0.6945
T,0.057414,0.054744,0.002670,0.2670
V,0.078661,0.068115,0.010546,1.0546
W,0.011547,0.015331,-0.003784,-0.3784
Y,0.027581,0.035689,-0.008108,-0.8108
