{
  "family_analyses": {
    "RRM_1": {
      "family": "RRM_1",
      "n_domains": 966,
      "mean_de": 13.760122975469493,
      "std_de": 4.032084129615142,
      "mean_kr": 13.134975539965977,
      "de_kr_ratio": 1.04759410732067
    },
    "RRM_2": {
      "family": "RRM_2",
      "n_domains": 4,
      "mean_de": 7.989690721649484,
      "std_de": 0.44640484731156627,
      "mean_kr": 13.917525773195877,
      "de_kr_ratio": 0.574074074074074
    },
    "RRM_3": {
      "family": "RRM_3",
      "n_domains": 7,
      "mean_de": 17.78420287593617,
      "std_de": 2.961954269503191,
      "mean_kr": 17.215637454429576,
      "de_kr_ratio": 1.0330261033326014
    },
    "RRM_5": {
      "family": "RRM_5",
      "n_domains": 16,
      "mean_de": 8.484646869125898,
      "std_de": 1.6897096637830262,
      "mean_kr": 9.528160261224155,
      "de_kr_ratio": 0.8904811250557
    },
    "KH_1": {
      "family": "KH_1",
      "n_domains": 221,
      "mean_de": 11.170192654863934,
      "std_de": 3.4100399512271764,
      "mean_kr": 13.609407808916952,
      "de_kr_ratio": 0.8207699270753844
    },
    "KH_2": {
      "family": "KH_2",
      "n_domains": 14,
      "mean_de": 15.037596696598653,
      "std_de": 1.6980291534849175,
      "mean_kr": 16.655491671636486,
      "de_kr_ratio": 0.9028611699411413
    },
    "DEAD": {
      "family": "DEAD",
      "n_domains": 300,
      "mean_de": 11.134847572498762,
      "std_de": 1.7985195214286467,
      "mean_kr": 11.553774350722442,
      "de_kr_ratio": 0.9637411320745168
    },
    "Helicase_C": {
      "family": "Helicase_C",
      "n_domains": 366,
      "mean_de": 11.068540836034016,
      "std_de": 2.607151889478822,
      "mean_kr": 13.295001509518093,
      "de_kr_ratio": 0.8325340037088285
    },
    "dsRBD": {
      "family": "dsRBD",
      "n_domains": 96,
      "mean_de": 9.485606859472485,
      "std_de": 2.6316168368923574,
      "mean_kr": 14.720201361564188,
      "de_kr_ratio": 0.6443938249540719
    },
    "zf-CCHC": {
      "family": "zf-CCHC",
      "n_domains": 131,
      "mean_de": 10.981140547822182,
      "std_de": 4.81834002102649,
      "mean_kr": 13.861697350696003,
      "de_kr_ratio": 0.7921930677032718
    },
    "zf-CCCH": {
      "family": "zf-CCCH",
      "n_domains": 172,
      "mean_de": 8.420620020987217,
      "std_de": 4.7786980400694254,
      "mean_kr": 16.247611073737946,
      "de_kr_ratio": 0.5182681923373956
    },
    "PABP": {
      "family": "PABP",
      "n_domains": 19,
      "mean_de": 15.311955294045276,
      "std_de": 2.640546411604536,
      "mean_kr": 8.122853282610661,
      "de_kr_ratio": 1.8850463945747964
    },
    "PUF": {
      "family": "PUF",
      "n_domains": 227,
      "mean_de": 11.616389272208595,
      "std_de": 5.120021890799565,
      "mean_kr": 9.864945052179504,
      "de_kr_ratio": 1.1775422174948798
    },
    "PAZ": {
      "family": "PAZ",
      "n_domains": 42,
      "mean_de": 11.066534513141065,
      "std_de": 2.449138257950291,
      "mean_kr": 15.072834305099859,
      "de_kr_ratio": 0.7342039519001896
    },
    "Piwi": {
      "family": "Piwi",
      "n_domains": 35,
      "mean_de": 8.60944231927296,
      "std_de": 1.2982070430309125,
      "mean_kr": 11.481721864132421,
      "de_kr_ratio": 0.749838954570731
    },
    "TUDOR": {
      "family": "TUDOR",
      "n_domains": 6,
      "mean_de": 10.355603351647916,
      "std_de": 0.8743700384117552,
      "mean_kr": 11.951768924994889,
      "de_kr_ratio": 0.8664494282508348
    },
    "WW": {
      "family": "WW",
      "n_domains": 79,
      "mean_de": 13.59382422427156,
      "std_de": 3.9098716037889796,
      "mean_kr": 13.20685644251913,
      "de_kr_ratio": 1.0293005215462625
    },
    "SAM_1": {
      "family": "SAM_1",
      "n_domains": 28,
      "mean_de": 12.839329477275282,
      "std_de": 4.111414452199979,
      "mean_kr": 12.32391264982012,
      "de_kr_ratio": 1.0418224992419665
    },
    "SAM_2": {
      "family": "SAM_2",
      "n_domains": 15,
      "mean_de": 13.291423028213869,
      "std_de": 4.7693936582025165,
      "mean_kr": 12.393885206499743,
      "de_kr_ratio": 1.0724177936748542
    },
    "RhoGAP": {
      "family": "RhoGAP",
      "n_domains": 26,
      "mean_de": 12.702770285156179,
      "std_de": 2.1908664671845273,
      "mean_kr": 11.5234967721474,
      "de_kr_ratio": 1.1023364293257853
    },
    "zf-AN1": {
      "family": "zf-AN1",
      "n_domains": 3,
      "mean_de": 8.413164295517236,
      "std_de": 4.451062450778239,
      "mean_kr": 11.844876550758904,
      "de_kr_ratio": 0.7102787656303773
    },
    "SAP": {
      "family": "SAP",
      "n_domains": 31,
      "mean_de": 12.504947343657022,
      "std_de": 3.8770661704102087,
      "mean_kr": 22.49297684781555,
      "de_kr_ratio": 0.5559489714617949
    },
    "HABP4_PAI-RBP1": {
      "family": "HABP4_PAI-RBP1",
      "n_domains": 30,
      "mean_de": 14.749291187420791,
      "std_de": 1.9635780547638861,
      "mean_kr": 15.03034822303144,
      "de_kr_ratio": 0.9813006970004875
    },
    "WD40": {
      "family": "WD40",
      "n_domains": 1980,
      "mean_de": 10.768663721526606,
      "std_de": 4.050138621661091,
      "mean_kr": 8.946811409437416,
      "de_kr_ratio": 1.2036314647436779
    },
    "HSP70": {
      "family": "HSP70",
      "n_domains": 56,
      "mean_de": 14.976765334306458,
      "std_de": 2.1075649852424285,
      "mean_kr": 12.563514639716086,
      "de_kr_ratio": 1.192084043660963
    },
    "Proteasome": {
      "family": "Proteasome",
      "n_domains": 46,
      "mean_de": 11.432636791929403,
      "std_de": 1.5502421185897006,
      "mean_kr": 11.169775835949993,
      "de_kr_ratio": 1.0235332346718535
    },
    "LSM": {
      "family": "LSM",
      "n_domains": 84,
      "mean_de": 12.243402294118372,
      "std_de": 3.1794277409188942,
      "mean_kr": 13.268950788062975,
      "de_kr_ratio": 0.9227106566054033
    },
    "Kunitz": {
      "family": "Kunitz",
      "n_domains": 13,
      "mean_de": 10.844029946736343,
      "std_de": 2.3384433228321178,
      "mean_kr": 9.94847314449466,
      "de_kr_ratio": 1.0900195225171083
    },
    "IF4E": {
      "family": "IF4E",
      "n_domains": 12,
      "mean_de": 11.711519333183846,
      "std_de": 0.8646956943756536,
      "mean_kr": 10.895902981981672,
      "de_kr_ratio": 1.0748553242949153
    },
    "S4": {
      "family": "S4",
      "n_domains": 28,
      "mean_de": 7.0027553376093,
      "std_de": 4.817915886869869,
      "mean_kr": 18.835845090583256,
      "de_kr_ratio": 0.3717781338682935
    },
    "KOW": {
      "family": "KOW",
      "n_domains": 38,
      "mean_de": 11.069164271844537,
      "std_de": 4.556038058556782,
      "mean_kr": 17.128447765656894,
      "de_kr_ratio": 0.646244448025149
    },
    "S1": {
      "family": "S1",
      "n_domains": 57,
      "mean_de": 12.697239174273706,
      "std_de": 3.254307992117632,
      "mean_kr": 14.709067771852824,
      "de_kr_ratio": 0.8632252819292233
    },
    "Ribosomal_S15": {
      "family": "Ribosomal_S15",
      "n_domains": 12,
      "mean_de": 12.103422318005288,
      "std_de": 1.8590636040083321,
      "mean_kr": 23.942469659696986,
      "de_kr_ratio": 0.5055210464933494
    },
    "Ribosomal_S2": {
      "family": "Ribosomal_S2",
      "n_domains": 27,
      "mean_de": 8.745887979532505,
      "std_de": 2.895554599884115,
      "mean_kr": 12.543766859395465,
      "de_kr_ratio": 0.6972297936948427
    },
    "Ribosomal_L16": {
      "family": "Ribosomal_L16",
      "n_domains": 18,
      "mean_de": 8.124307760759843,
      "std_de": 1.107633895181151,
      "mean_kr": 20.058296838820095,
      "de_kr_ratio": 0.4050347756862564
    },
    "Ribosomal_L17": {
      "family": "Ribosomal_L17",
      "n_domains": 4,
      "mean_de": 10.24644985204902,
      "std_de": 2.3663507165404303,
      "mean_kr": 18.02963169567458,
      "de_kr_ratio": 0.5683116563333462
    },